NUM_STUDENTS, 600
TIMESTAMP, FIRST_NAME, LAST_NAME, HOMEROOM, FIRST_PERIOD, ID, GRADE, CHOICE_1, CHOICE_2, CHOICE_3, CHOICE_4, CHOICE_5, CHOICE_6, CHOICE_7
1728471854, Ethan, Smith, Huxley R, Smith, 129015, 7, 4, 7, 5, 3, 9, 2, 6
1728449518, Harper, Harris, Wainwright C, Harris, 195716, 8, 3, 6, 8, 5, 4, 9, 7
1728063180, Scarlett, Hall, Wainwright C, Hall, 154774, 9, 4, 1, 7, 5, 10, 6, 9
1729022767, Evelyn, Hall, Devereaux M, Hall, 189373, 10, 8, 5, 10, 4, 6, 3, 1
1728925571, Henry, White, Sinclair A, White, 105006, 11, 6, 7, 5, 8, 2, 10, 4
1728147640, Noah, Miller, Marlowe N, Miller, 166048, 12, 4, 1, 6, 8, 7, 10, 2
1728511848, Amelia, Martinez, Whitmore M, Martinez, 100628, 7, 6, 5, 7, 3, 4, 9, 8
1728831100, Levi, Gonzalez, Marlowe S, Gonzalez, 132597, 8, 2, 6, 8, 9, 7, 10, 3
1728610443, Elijah, Williams, Northcott E, Williams, 139734, 9, 8, 9, 6, 4, 2, 3, 10
1728851105, Jackson, Torres, Sinclair E, Torres, 165313, 10, 5, 3, 9, 8, 1, 7, 10
1729136804, Ella, Perez, Winslow D, Perez, 167163, 11, 6, 4, 5, 2, 7, 9, 8
1728637107, Charlotte, Taylor, Northcott A, Taylor, 197229, 12, 7, 5, 9, 2, 10, 6, 8
1728293563, Lucas, Adams, Kingsley A, Adams, 116697, 7, 7, 4, 2, 9, 1, 6, 5
1728560617, Ethan, Taylor, Marlowe N, Taylor, 152019, 8, 4, 7, 1, 5, 9, 3, 10
1728499581, Benjamin, Hall, Wainwright C, Hall, 191410, 9, 4, 9, 5, 3, 7, 6, 2
1728947577, Elijah, Carter, Sinclair A, Carter, 159827, 10, 4, 5, 6, 3, 8, 2, 10
1728406759, Scarlett, Gonzalez, Langley N, Gonzalez, 120245, 11, 3, 2, 1, 9, 5, 4, 6
1728668857, Evelyn, Wilson, Whitmore J, Wilson, 109949, 12, 4, 5, 9, 6, 7, 3, 8
1728555426, Luna, Miller, Kingsley J, Miller, 147300, 7, 1, 8, 10, 6, 4, 9, 7
1729137386, Daniel, Harris, Caldwell O, Harris, 113347, 8, 4, 2, 8, 5, 6, 10, 7
1728832958, Emma, Martinez, Ellsworth A, Martinez, 155636, 9, 8, 6, 4, 9, 5, 2, 3
1728414170, Layla, Green, Kingsley H, Green, 125018, 10, 3, 7, 8, 4, 9, 1, 6
1728388401, Sebastian, Green, Wainwright C, Green, 152661, 11, 8, 6, 1, 10, 5, 4, 3
1728087116, Samuel, Robinson, Langley N, Robinson, 195319, 12, 5, 2, 7, 9, 10, 3, 8
1728089627, Sebastian, White, Kensington S, White, 126335, 7, 7, 1, 10, 9, 3, 2, 4
1728204253, Riley, Miller, Sinclair E, Miller, 176118, 8, 9, 5, 7, 3, 4, 6, 1
1729132058, Zoey, Carter, Ormsby A, Carter, 189982, 9, 10, 4, 1, 5, 7, 6, 9
1728413880, Olivia, Thompson, Whitmore J, Thompson, 152663, 10, 7, 2, 1, 8, 6, 5, 10
1728392118, Gianna, Flores, Ellsworth A, Flores, 184464, 11, 1, 4, 3, 10, 2, 8, 5
1729109953, Zoey, Lopez, Danforth C, Lopez, 189297, 12, 5, 9, 3, 4, 6, 10, 1
1728507884, Nora, Martin, Radcliffe C, Martin, 161171, 7, 9, 5, 7, 3, 10, 6, 8
1728440093, Ellie, Young, Kensington S, Young, 142937, 8, 5, 4, 7, 6, 10, 9, 3
1728833391, Carter, Thompson, Carrington G, Thompson, 110637, 9, 4, 6, 5, 8, 10, 1, 9
1728124154, Liam, Jackson, Winslow D, Jackson, 158495, 10, 1, 5, 8, 4, 9, 10, 3
1728692833, Samuel, Clark, Kingsley J, Clark, 116687, 11, 7, 3, 9, 10, 6, 4, 8
1728644069, Logan, Jackson, Carrington G, Jackson, 173117, 12, 5, 10, 3, 2, 4, 9, 7
1729021445, Alexander, Martin, Radcliffe C, Martin, 199387, 7, 2, 6, 1, 3, 9, 10, 5
1729044156, Olivia, Martin, Vance M, Martin, 131738, 8, 5, 3, 4, 10, 7, 1, 8
1728484625, Liam, Anderson, Sinclair A, Anderson, 181867, 9, 7, 8, 4, 5, 9, 2, 10
1728974548, Ava, Baker, Caldwell O, Baker, 184445, 10, 5, 6, 4, 8, 2, 10, 7
1728106909, Benjamin, White, Wainwright C, White, 184963, 11, 6, 1, 8, 7, 2, 10, 4
1729122730, Charlotte, Clark, Cavendish C, Clark, 178503, 12, 4, 8, 1, 2, 6, 9, 5
1729135958, Luna, Smith, Wainwright C, Smith, 154723, 7, 1, 9, 7, 6, 2, 5, 4
1728650972, Joseph, Martin, Fairfax E, Martin, 146939, 8, 10, 5, 8, 7, 3, 6, 9
1728218693, Noah, Perez, Whitmore J, Perez, 194446, 9, 8, 3, 7, 5, 4, 10, 2
1728169044, Oliver, Adams, Kingsley L, Adams, 133439, 10, 6, 1, 4, 3, 5, 8, 10
1728948429, Harper, Clark, Kingsley H, Clark, 103817, 11, 6, 2, 10, 9, 3, 1, 8
1728329009, Samuel, Ramirez, Kensington S, Ramirez, 106813, 12, 4, 9, 8, 6, 10, 1, 3
1729233925, Logan, Torres, Huxley R, Torres, 170156, 7, 9, 7, 8, 5, 1, 3, 2
1728958848, William, Allen, Carrington G, Allen, 186438, 8, 10, 8, 1, 2, 5, 4, 9
1728963465, Elijah, Adams, Pendleton R, Adams, 145542, 9, 4, 3, 6, 8, 1, 7, 5
1728605640, Isabella, Davis, Ormsby A, Davis, 128425, 10, 8, 10, 3, 1, 2, 7, 4
1728440949, Logan, Adams, Northcott A, Adams, 135746, 11, 4, 3, 10, 7, 2, 8, 9
1729012757, Sebastian, Nguyen, Ellsworth M, Nguyen, 145958, 12, 9, 10, 7, 4, 3, 8, 2
1728846584, Oliver, Young, Greystone W, Young, 176235, 7, 7, 10, 2, 3, 4, 1, 8
1729249107, Nora, Miller, Thorne O, Miller, 153246, 8, 8, 2, 10, 3, 7, 5, 4
1728516741, Ella, King, Huxley L, King, 103786, 9, 1, 6, 2, 3, 9, 7, 4
1728182638, Carter, Perez, Balfour E, Perez, 163501, 10, 8, 9, 10, 7, 2, 5, 6
1729095209, Zoey, Clark, Carrington G, Clark, 162528, 11, 7, 9, 3, 2, 8, 4, 1
1728819732, Ava, Thomas, Devereaux M, Thomas, 182000, 12, 10, 8, 1, 2, 4, 9, 5
1728801895, Owen, Anderson, Ormsby A, Anderson, 122814, 7, 7, 4, 10, 3, 9, 6, 1
1729152243, Mila, King, Fairfax E, King, 156719, 8, 6, 10, 8, 2, 1, 7, 9
1728715168, Amelia, Robinson, Kingsley L, Robinson, 122455, 9, 1, 10, 6, 4, 5, 2, 7
1729184792, Layla, Martin, Huxley L, Martin, 117811, 10, 4, 9, 7, 3, 1, 6, 5
1729002963, Alexander, Hernandez, Thorne O, Hernandez, 129873, 11, 3, 10, 5, 2, 6, 1, 8
1728846985, Scarlett, Hall, Kingsley H, Hall, 113918, 12, 4, 10, 6, 8, 2, 1, 9
1728652572, William, Wilson, Carrington G, Wilson, 117393, 7, 6, 4, 7, 3, 8, 2, 9
1729229989, Gianna, Lee, Pendleton R, Lee, 105749, 8, 7, 2, 9, 8, 3, 6, 5
1728090328, Benjamin, Mitchell, Marlowe S, Mitchell, 177623, 9, 3, 1, 2, 5, 7, 10, 6
1728667335, Carter, Davis, Yardley E, Davis, 104906, 10, 8, 10, 5, 7, 6, 9, 2
1728942155, Alexander, Hernandez, Kingsley H, Hernandez, 160460, 11, 2, 9, 8, 3, 7, 10, 4
1729249802, Wyatt, Gonzalez, Fairfax E, Gonzalez, 117512, 12, 9, 8, 10, 5, 1, 2, 6
1728730914, Mateo, Allen, Vance M, Allen, 103627, 7, 9, 2, 7, 6, 4, 8, 10
1728427883, Olivia, Mitchell, Caldwell O, Mitchell, 134387, 8, 1, 4, 5, 7, 2, 9, 8
1728622108, Levi, Thompson, Ellsworth A, Thompson, 138845, 9, 9, 7, 1, 2, 5, 10, 3
1728591896, Sebastian, Torres, Ellsworth A, Torres, 100331, 10, 1, 6, 2, 9, 8, 10, 5
1729248324, Zoey, Scott, Yardley E, Scott, 145106, 11, 8, 7, 3, 5, 2, 10, 4
1728645695, Zoey, Green, Ormsby A, Green, 115311, 12, 1, 2, 9, 6, 4, 3, 5
1729075304, Layla, Nelson, Marlowe N, Nelson, 181144, 7, 9, 8, 3, 2, 7, 10, 4
1728232257, Benjamin, Nguyen, Sinclair A, Nguyen, 106342, 8, 3, 9, 10, 6, 4, 7, 2
1729267382, Riley, Davis, Langley N, Davis, 166971, 9, 3, 4, 8, 10, 6, 2, 9
1729092474, Jackson, Flores, Balfour H, Flores, 184342, 10, 3, 2, 5, 10, 9, 8, 4
1729221525, Jackson, Carter, Kensington S, Carter, 134173, 11, 7, 1, 9, 8, 6, 5, 2
1728383666, Levi, Smith, Kingsley A, Smith, 188492, 12, 4, 2, 8, 9, 7, 3, 10
1728559288, Sophia, Brown, Ellsworth A, Brown, 155492, 7, 9, 3, 6, 10, 7, 2, 1
1729022452, Evelyn, Perez, Sinclair E, Perez, 108853, 8, 4, 9, 10, 5, 2, 8, 6
1729220321, Aiden, Adams, Westcott Z, Adams, 194940, 9, 9, 3, 6, 10, 2, 4, 1
1729236428, Amelia, Allen, Northcott E, Allen, 180049, 10, 9, 1, 4, 3, 8, 10, 5
1728072258, Aiden, Moore, Whitmore J, Moore, 170433, 11, 7, 8, 6, 2, 9, 1, 3
1728522561, Layla, Moore, Ormsby A, Moore, 112268, 12, 9, 8, 3, 10, 2, 7, 6
1729051137, Chloe, Walker, Carrington G, Walker, 177863, 7, 7, 5, 8, 3, 10, 2, 4
1728880078, Alexander, Flores, Langley N, Flores, 123091, 8, 2, 8, 4, 3, 9, 7, 1
1728806259, Jackson, Rodriguez, Vance M, Rodriguez, 136585, 9, 6, 7, 8, 4, 10, 2, 5
1728376161, Ellie, Brown, Westcott Z, Brown, 128942, 10, 3, 6, 4, 5, 1, 2, 8
1729146483, Mila, Hall, Huxley R, Hall, 179906, 11, 8, 1, 9, 3, 2, 10, 6
1728690796, Liam, King, Radcliffe C, King, 111871, 12, 4, 5, 2, 3, 7, 1, 6
1729193257, Alexander, Adams, Vance M, Adams, 196636, 7, 3, 10, 1, 6, 9, 7, 2
1728075792, Benjamin, Sanchez, Huxley L, Sanchez, 199802, 8, 9, 2, 5, 6, 7, 4, 3
1728402921, Mia, Thomas, Marlowe N, Thomas, 144392, 9, 6, 10, 4, 2, 1, 3, 7
1728838630, Jackson, Scott, Northcott E, Scott, 184058, 10, 3, 5, 4, 6, 1, 7, 2
1728193756, Luna, White, Marlowe S, White, 171682, 11, 5, 20, 14, 19, 16, 4, 8
1728981569, Oliver, Young, Kingsley A, Young, 113574, 12, 17, 19, 6, 14, 18, 8, 13
1728754382, Samuel, Miller, Wainwright C, Miller, 191211, 7, 10, 19, 2, 9, 17, 3, 11
1729101424, Wyatt, Moore, Carrington G, Moore, 139406, 8, 19, 18, 4, 11, 6, 16, 20
1728382492, Sebastian, Martin, Yardley N, Martin, 162441, 9, 1, 19, 15, 14, 10, 20, 5
1729189483, Ellie, Martinez, Ormsby A, Martinez, 168040, 10, 16, 14, 1, 7, 15, 8, 12
1728357104, Camila, Wilson, Ellsworth M, Wilson, 181719, 11, 2, 9, 12, 6, 3, 11, 19
1728887206, Jack, Campbell, Kingsley J, Campbell, 130198, 12, 16, 2, 14, 5, 7, 3, 17
1728400477, Emma, Gonzalez, Kingsley J, Gonzalez, 129071, 7, 3, 9, 13, 2, 6, 7, 17
1728326643, Isabella, Young, Cavendish C, Young, 116399, 8, 6, 2, 17, 1, 5, 3, 7
1728171784, Riley, Torres, Yardley N, Torres, 115691, 9, 13, 20, 1, 5, 11, 12, 7
1728523891, Gianna, Gonzalez, Sinclair A, Gonzalez, 100341, 10, 20, 1, 12, 9, 15, 5, 13
1729020594, Isabella, Ramirez, Northcott A, Ramirez, 112535, 11, 17, 7, 2, 1, 8, 6, 9
1728534040, Mia, Scott, Whitmore M, Scott, 104402, 12, 3, 17, 15, 13, 2, 5, 12
1728847868, Mia, Wright, Whitmore J, Wright, 136286, 7, 9, 12, 18, 14, 4, 10, 8
1728911761, Daniel, Clark, Sinclair A, Clark, 108010, 8, 2, 15, 13, 12, 8, 20, 5
1728403043, Liam, Wright, Winslow D, Wright, 146345, 9, 16, 2, 13, 1, 17, 10, 5
1728318132, James, Clark, Ormsby A, Clark, 198986, 10, 11, 5, 6, 16, 4, 12, 15
1728073762, Benjamin, Campbell, Pendleton R, Campbell, 181392, 11, 11, 14, 1, 7, 16, 12, 19
1729027567, Mason, Perez, Ellsworth M, Perez, 168017, 12, 18, 16, 14, 11, 9, 3, 12
1728139505, Amelia, Lee, Balfour E, Lee, 133590, 7, 10, 16, 17, 13, 5, 1, 2
1728562608, Layla, Garcia, Danforth C, Garcia, 127916, 8, 11, 5, 12, 7, 8, 1, 3
1728229841, Gianna, Adams, Balfour E, Adams, 168282, 9, 14, 2, 15, 18, 9, 4, 6
1728971537, Isabella, Jackson, Caldwell O, Jackson, 108281, 10, 8, 6, 4, 14, 20, 17, 18
1728827294, Daniel, Davis, Marlowe S, Davis, 199268, 11, 7, 1, 18, 9, 16, 2, 17
1728272665, Benjamin, Hill, Cavendish C, Hill, 102771, 12, 13, 1, 16, 2, 14, 11, 18
1728873198, Wyatt, Wilson, Devereaux M, Wilson, 120735, 7, 8, 11, 18, 7, 12, 1, 19
1728382252, Scarlett, Robinson, Ellsworth A, Robinson, 197080, 8, 14, 11, 17, 7, 18, 3, 10
1729208088, Chloe, White, Winslow D, White, 107492, 9, 11, 14, 8, 19, 17, 6, 4
1728698666, Ethan, Lee, Fairfax E, Lee, 186559, 10, 13, 15, 11, 9, 4, 18, 20
1728220810, Lily, Wilson, Kingsley L, Wilson, 194693, 11, 3, 1, 4, 2, 17, 20, 12
1728183926, Layla, Young, Balfour H, Young, 117280, 12, 12, 8, 7, 10, 1, 20, 15
1728163231, Nora, Roberts, Wainwright C, Roberts, 159855, 7, 6, 15, 14, 16, 11, 18, 9
1728587379, Riley, Thomas, Huxley R, Thomas, 163560, 8, 4, 5, 13, 9, 11, 8, 14
1729223603, Alexander, Scott, Vance M, Scott, 129874, 9, 12, 20, 6, 16, 19, 17, 5
1729235836, Logan, Wilson, Danforth C, Wilson, 165296, 10, 17, 4, 14, 15, 5, 6, 1
1728598224, Mila, Nguyen, Westcott Z, Nguyen, 197198, 11, 10, 8, 9, 17, 18, 3, 6
1728356912, Samuel, Brown, Huxley L, Brown, 152247, 12, 7, 18, 8, 20, 15, 1, 16
1728882624, Olivia, Torres, Balfour E, Torres, 130024, 7, 5, 9, 16, 15, 11, 7, 17
1729066536, Isabella, Smith, Wainwright C, Smith, 111526, 8, 17, 4, 3, 1, 16, 20, 18
1728105339, Olivia, Nelson, Winslow D, Nelson, 115991, 9, 16, 14, 13, 2, 6, 9, 1
1728400121, Levi, Nelson, Winslow D, Nelson, 128839, 10, 15, 5, 16, 2, 4, 3, 17
1728763425, Nora, Perez, Northcott A, Perez, 146487, 11, 4, 16, 18, 12, 2, 8, 6
1728181237, Jack, White, Pendleton R, White, 152314, 12, 20, 17, 12, 16, 19, 4, 9
1728258113, Ella, Carter, Northcott E, Carter, 163488, 7, 19, 6, 10, 16, 14, 9, 7
1729185173, Sebastian, Lewis, Wainwright C, Lewis, 174414, 8, 16, 2, 14, 15, 6, 20, 8
1729232635, Gianna, Lewis, Devereaux M, Lewis, 150204, 9, 16, 12, 7, 3, 2, 5, 15
1728146605, Joseph, Martin, Balfour E, Martin, 138047, 10, 8, 3, 2, 17, 16, 9, 5
1729029740, Logan, Anderson, Marlowe S, Anderson, 193283, 11, 1, 9, 13, 16, 14, 20, 3
1729061150, Sophia, Davis, Devereaux M, Davis, 175570, 12, 11, 19, 13, 6, 5, 4, 7
1728080798, Owen, Mitchell, Kingsley H, Mitchell, 188812, 7, 6, 5, 13, 19, 20, 16, 3
1728478615, Joseph, Rivera, Wainwright C, Rivera, 116126, 8, 3, 9, 8, 11, 20, 6, 7
1728174418, Ellie, Flores, Vance M, Flores, 151224, 9, 9, 7, 6, 16, 14, 2, 8
1728784495, Riley, Rivera, Kensington S, Rivera, 148787, 10, 16, 9, 1, 17, 4, 13, 20
1728570097, William, Rivera, Ellsworth G, Rivera, 143716, 11, 18, 12, 3, 11, 20, 7, 16
1728171376, Nora, Carter, Balfour H, Carter, 140806, 12, 7, 10, 16, 8, 5, 17, 6
1728868581, Gianna, Robinson, Carrington G, Robinson, 121795, 7, 12, 10, 2, 13, 16, 18, 7
1728908116, Joseph, Hall, Yardley E, Hall, 115836, 8, 2, 18, 9, 4, 20, 16, 7
1728802224, Levi, Robinson, Ellsworth A, Robinson, 153511, 9, 13, 6, 16, 20, 9, 12, 2
1728379807, Amelia, Sanchez, Whitmore J, Sanchez, 134509, 10, 2, 4, 18, 12, 1, 7, 10
1728225005, Grace, Jones, Vance M, Jones, 161288, 11, 5, 14, 17, 11, 2, 6, 9
1728252573, Mason, Williams, Westcott Z, Williams, 150281, 12, 13, 1, 4, 6, 16, 2, 18
1729270399, Riley, Carter, Langley N, Carter, 198086, 7, 17, 13, 6, 9, 7, 4, 3
1728573747, William, Wilson, Marlowe N, Wilson, 126785, 8, 7, 18, 9, 19, 15, 4, 1
1728772715, Mateo, Walker, Balfour E, Walker, 132965, 9, 20, 2, 13, 5, 14, 8, 3
1728764517, Luna, Johnson, Westcott Z, Johnson, 188935, 10, 16, 20, 7, 9, 14, 8, 10
1728388023, Oliver, Young, Whitmore M, Young, 158186, 11, 15, 1, 16, 11, 4, 10, 19
1728683641, Carter, Moore, Montgomery Z, Moore, 189192, 12, 16, 2, 19, 8, 1, 7, 15
1729061907, Luna, Wilson, Westcott Z, Wilson, 142049, 7, 4, 12, 2, 19, 3, 15, 8
1728186621, Zoey, Young, Yardley E, Young, 163904, 8, 11, 5, 10, 6, 8, 19, 17
1728461778, Gianna, Mitchell, Caldwell O, Mitchell, 108319, 9, 4, 15, 2, 19, 12, 17, 5
1728454387, Ella, Martinez, Ellsworth M, Martinez, 123018, 10, 1, 2, 11, 6, 19, 4, 9
1729222273, Mila, Jackson, Thorne O, Jackson, 141719, 11, 11, 8, 18, 3, 5, 20, 7
1728721760, Carter, Adams, Kingsley A, Adams, 136781, 12, 3, 18, 20, 17, 6, 12, 5
1728958776, Olivia, Johnson, Whitmore M, Johnson, 195819, 7, 17, 14, 9, 12, 15, 5, 6
1728417179, Scarlett, Hill, Greystone W, Hill, 198820, 8, 2, 1, 5, 17, 10, 4, 15
1728841397, Joseph, Miller, Ellsworth G, Miller, 176025, 9, 19, 3, 10, 4, 14, 5, 6
1728614240, Lucas, Rivera, Thorne O, Rivera, 195496, 10, 12, 3, 19, 7, 4, 18, 6
1728746029, Olivia, Campbell, Kingsley J, Campbell, 125776, 11, 16, 1, 6, 5, 19, 11, 9
1728672498, Wyatt, Adams, Sinclair E, Adams, 174380, 12, 13, 5, 10, 9, 15, 1, 8
1728735531, Ethan, Davis, Greystone W, Davis, 194684, 7, 13, 10, 20, 4, 1, 7, 17
1728860480, Luna, Sanchez, Marlowe N, Sanchez, 193343, 8, 6, 16, 15, 11, 9, 3, 19
1728482336, Daniel, Green, Pendleton R, Green, 120894, 9, 8, 10, 18, 6, 14, 15, 7
1728452470, Alexander, Clark, Caldwell O, Clark, 167773, 10, 20, 16, 10, 13, 17, 8, 7
1728383490, Lucas, Taylor, Ellsworth M, Taylor, 129836, 11, 16, 19, 18, 12, 10, 15, 4
1729094953, Mason, Scott, Balfour H, Scott, 144879, 12, 17, 18, 15, 16, 2, 3, 12
1728838919, Liam, Jones, Montgomery Z, Jones, 107669, 7, 20, 3, 1, 8, 12, 5, 16
1728579540, Owen, Wilson, Westcott Z, Wilson, 132890, 8, 3, 2, 5, 1, 15, 7, 16
1729249534, Sophia, Adams, Kensington S, Adams, 140477, 9, 20, 13, 14, 3, 6, 8, 7
1728741000, Henry, Johnson, Marlowe N, Johnson, 135031, 10, 4, 6, 7, 20, 14, 17, 18
1728146875, Levi, Gonzalez, Montgomery Z, Gonzalez, 156002, 11, 14, 15, 4, 19, 12, 6, 9
1728553432, Lily, Jones, Wainwright C, Jones, 157127, 12, 1, 17, 5, 18, 4, 15, 10
1728495725, Ethan, Brown, Kensington S, Brown, 114051, 7, 5, 11, 14, 6, 20, 7, 17
1728542032, Sophia, Davis, Ormsby A, Davis, 124912, 8, 2, 5, 17, 8, 15, 6, 9
1728485171, William, Smith, Caldwell J, Smith, 138512, 9, 2, 10, 7, 17, 6, 16, 13
1729242860, William, Moore, Kingsley H, Moore, 190462, 10, 8, 19, 11, 1, 12, 18, 17
1729143002, Gianna, King, Kingsley H, King, 111462, 11, 16, 14, 9, 13, 7, 1, 11
1728981705, Wyatt, Miller, Carrington G, Miller, 127756, 12, 5, 4, 9, 8, 10, 1, 12
1728596876, Lily, Lewis, Marlowe N, Lewis, 137241, 7, 19, 20, 7, 2, 16, 17, 15
1729224856, Camila, Roberts, Caldwell O, Roberts, 174085, 8, 13, 9, 19, 8, 10, 18, 5
1728333761, Olivia, Sanchez, Caldwell J, Sanchez, 176300, 9, 5, 12, 13, 6, 8, 18, 4
1728198920, Olivia, Flores, Balfour E, Flores, 144955, 10, 9, 15, 20, 18, 16, 6, 14
1728541434, Aria, Hill, Yardley N, Hill, 142425, 11, 7, 4, 19, 8, 6, 18, 9
1729233104, Nora, Gonzalez, Langley N, Gonzalez, 184286, 12, 9, 19, 7, 8, 17, 14, 2
1729128935, Lucas, Roberts, Danforth C, Roberts, 133684, 7, 18, 6, 15, 10, 1, 14, 16
1728422203, Layla, Adams, Westcott Z, Adams, 131113, 8, 10, 4, 15, 7, 18, 13, 8
1728586932, Mateo, Brown, Winslow D, Brown, 185502, 9, 15, 10, 11, 3, 17, 2, 7
1728252158, Jack, Wilson, Kensington S, Wilson, 167849, 10, 12, 13, 15, 14, 20, 19, 9
1729228032, Logan, Hernandez, Carrington G, Hernandez, 157561, 11, 4, 16, 9, 10, 18, 3, 13
1728243813, Olivia, Scott, Pendleton R, Scott, 185068, 12, 6, 19, 9, 13, 17, 12, 2
1729233053, Isabella, Jackson, Kingsley A, Jackson, 103970, 7, 3, 5, 13, 16, 9, 12, 4
1728331046, Henry, Sanchez, Ellsworth M, Sanchez, 162120, 8, 5, 15, 13, 6, 19, 2, 10
1728329197, William, Brown, Northcott A, Brown, 186532, 9, 20, 6, 1, 8, 9, 16, 18
1728636831, Benjamin, Lopez, Sinclair E, Lopez, 160230, 10, 7, 15, 10, 11, 8, 9, 5
1728666608, Nora, Robinson, Pendleton R, Robinson, 195258, 11, 5, 2, 4, 14, 9, 10, 15
1729112965, Ellie, Robinson, Westcott Z, Robinson, 145470, 12, 12, 4, 10, 6, 20, 8, 15
1729220007, Logan, Miller, Danforth C, Miller, 193321, 7, 3, 19, 5, 13, 17, 4, 20
1728455151, Aiden, Wilson, Winslow D, Wilson, 120194, 8, 16, 2, 13, 1, 12, 14, 10
1728352239, Sophia, Thompson, Devereaux M, Thompson, 101453, 9, 15, 4, 6, 13, 1, 5, 19
1728711741, William, Mitchell, Caldwell J, Mitchell, 135223, 10, 13, 4, 3, 15, 12, 18, 14
1729179207, Jackson, Robinson, Sinclair E, Robinson, 187780, 11, 15, 11, 20, 5, 10, 3, 13
1728133459, Riley, White, Yardley N, White, 172839, 12, 20, 15, 3, 14, 19, 16, 13
1728913069, Ella, Flores, Greystone W, Flores, 198846, 7, 18, 6, 4, 14, 5, 3, 8
1728416497, Charlotte, Scott, Carrington G, Scott, 153427, 8, 10, 9, 8, 17, 14, 20, 1
1728646427, Camila, Lopez, Greystone W, Lopez, 169704, 9, 18, 15, 8, 9, 17, 20, 3
1729076846, Mila, Taylor, Kingsley A, Taylor, 141596, 10, 5, 19, 8, 3, 17, 15, 2
1729175401, Ethan, Wright, Whitmore M, Wright, 136069, 11, 4, 7, 5, 20, 2, 9, 12
1728756570, Ethan, Allen, Carrington G, Allen, 120974, 12, 8, 16, 9, 11, 12, 10, 6
1729151453, Aiden, Campbell, Caldwell J, Campbell, 168649, 7, 18, 3, 2, 4, 10, 17, 6
1728513780, Samuel, Young, Ormsby A, Young, 187180, 8, 5, 7, 18, 4, 20, 3, 1
1728904982, Henry, Jones, Langley N, Jones, 133674, 9, 14, 18, 8, 19, 3, 13, 7
1728103586, Logan, Garcia, Ellsworth M, Garcia, 104072, 10, 2, 12, 11, 13, 1, 10, 16
1728962915, Benjamin, Adams, Kingsley A, Adams, 143711, 11, 1, 7, 15, 12, 5, 9, 14
1728924548, Gianna, Lewis, Kingsley L, Lewis, 138439, 12, 16, 15, 18, 8, 20, 9, 1
1728135721, Noah, Taylor, Vance M, Taylor, 101124, 7, 9, 7, 13, 14, 15, 1, 20
1729130647, Scarlett, Clark, Yardley E, Clark, 173937, 8, 4, 1, 9, 5, 2, 16, 18
1728743380, Evelyn, Nguyen, Montgomery Z, Nguyen, 178182, 9, 7, 12, 14, 18, 15, 17, 4
1729148316, Olivia, Flores, Greystone W, Flores, 165321, 10, 20, 8, 1, 5, 3, 10, 6
1728769772, Layla, Wilson, Danforth C, Wilson, 117476, 11, 8, 12, 3, 4, 18, 7, 9
1729219346, Owen, Thompson, Ormsby A, Thompson, 145262, 12, 7, 20, 18, 15, 1, 9, 12
1728241723, Aria, Wright, Vance M, Wright, 123511, 7, 1, 8, 6, 10, 13, 11, 19
1728558775, Jackson, Green, Whitmore M, Green, 184390, 8, 15, 2, 12, 11, 10, 8, 16
1728220662, Mila, Smith, Sinclair A, Smith, 179208, 9, 6, 9, 8, 4, 17, 20, 18
1728518652, Grace, Wright, Kingsley L, Wright, 170173, 10, 7, 3, 16, 4, 18, 13, 15
1728780769, Carter, Lewis, Balfour H, Lewis, 149466, 11, 16, 12, 11, 10, 2, 13, 14
1728830497, Ethan, Nguyen, Langley N, Nguyen, 130681, 12, 6, 11, 12, 8, 13, 5, 19
1728847303, Sophia, Davis, Devereaux M, Davis, 160930, 7, 16, 18, 20, 8, 5, 19, 9
1728360312, Ava, Sanchez, Kingsley H, Sanchez, 195211, 8, 7, 1, 2, 3, 10, 14, 5
1728519472, Luna, Moore, Huxley R, Moore, 125101, 9, 19, 15, 8, 3, 11, 10, 7
1728831138, Gianna, Flores, Greystone W, Flores, 189959, 10, 7, 13, 2, 10, 19, 18, 15
1728890447, Luna, Martin, Marlowe S, Martin, 131262, 11, 14, 16, 2, 18, 3, 1, 5
1728150185, Sebastian, Jones, Kensington S, Jones, 113745, 12, 20, 16, 4, 18, 1, 2, 7
1728318020, Nora, King, Ellsworth A, King, 144828, 7, 6, 9, 7, 8, 16, 20, 1
1728409277, Aria, Campbell, Langley N, Campbell, 184347, 8, 13, 17, 2, 20, 12, 4, 14
1729209177, Noah, King, Marlowe N, King, 185104, 9, 9, 1, 3, 19, 6, 20, 7
1729101402, Carter, Lopez, Caldwell J, Lopez, 189656, 10, 7, 1, 19, 10, 13, 18, 2
1728854884, Lily, Perez, Kingsley L, Perez, 153957, 11, 10, 2, 20, 15, 8, 16, 6
1729080275, Aiden, Brown, Northcott A, Brown, 144578, 12, 16, 11, 7, 17, 2, 1, 20
1728539266, Oliver, Robinson, Vance M, Robinson, 146013, 7, 16, 2, 20, 12, 6, 15, 19
1728483913, Jack, Young, Langley N, Young, 198502, 8, 6, 13, 5, 12, 19, 7, 17
1728357073, Nora, Taylor, Winslow D, Taylor, 136880, 9, 3, 19, 11, 4, 5, 13, 7
1728130394, Lily, Martinez, Winslow D, Martinez, 159812, 10, 16, 15, 5, 3, 1, 7, 14
1728848947, Mia, Lee, Sinclair E, Lee, 122209, 11, 6, 18, 11, 5, 3, 4, 14
1728583915, Mason, Martinez, Radcliffe C, Martinez, 190102, 12, 20, 11, 10, 16, 9, 8, 4
1728503914, Jack, White, Radcliffe C, White, 192553, 7, 5, 4, 11, 9, 8, 19, 7
1728427113, Gianna, Perez, Ellsworth G, Perez, 144912, 8, 18, 8, 9, 4, 17, 14, 13
1728786155, Jack, Brown, Whitmore M, Brown, 135920, 9, 10, 20, 2, 5, 6, 13, 17
1728065391, James, Gonzalez, Balfour E, Gonzalez, 185434, 10, 7, 16, 12, 3, 1, 20, 14
1728519485, Mateo, Brown, Montgomery Z, Brown, 173075, 11, 9, 6, 11, 5, 20, 17, 2
1728881054, Alexander, Adams, Marlowe S, Adams, 159836, 12, 9, 17, 16, 1, 8, 20, 7
1729267573, Oliver, Nelson, Sinclair E, Nelson, 150886, 7, 9, 2, 11, 16, 13, 4, 15
1728919302, Levi, Lee, Marlowe S, Lee, 144266, 8, 17, 10, 20, 7, 19, 8, 6
1728881609, Benjamin, Clark, Northcott E, Clark, 188361, 9, 12, 17, 10, 16, 19, 5, 4
1728976580, Levi, Davis, Marlowe N, Davis, 179038, 10, 7, 5, 13, 12, 14, 6, 10
1728843215, Joseph, Anderson, Cavendish C, Anderson, 172966, 11, 7, 6, 17, 18, 13, 4, 9
1728632661, Daniel, Flores, Greystone W, Flores, 147520, 12, 16, 5, 20, 12, 7, 13, 14
1728643022, Owen, Robinson, Marlowe S, Robinson, 136749, 7, 10, 18, 13, 20, 1, 3, 6
1728196344, Liam, Young, Greystone W, Young, 186893, 8, 14, 1, 15, 5, 3, 8, 10
1728433672, Ella, Williams, Marlowe S, Williams, 133190, 9, 5, 4, 9, 13, 8, 12, 10
1729088618, Chloe, Campbell, Caldwell J, Campbell, 146336, 10, 13, 19, 12, 16, 14, 11, 7
1728679686, Noah, Young, Marlowe S, Young, 150312, 11, 9, 19, 3, 2, 14, 5, 18
1728775537, Mason, Campbell, Sinclair A, Campbell, 156279, 12, 4, 3, 5, 6, 19, 1, 15
1728411669, Harper, Baker, Whitmore M, Baker, 165136, 7, 7, 4, 10, 8, 5, 3, 1
1728445258, Levi, Moore, Radcliffe C, Moore, 123381, 8, 17, 9, 8, 16, 4, 15, 14
1728785508, Nora, Lee, Marlowe S, Lee, 111296, 9, 14, 11, 2, 16, 4, 3, 13
1728864022, James, Lee, Thorne O, Lee, 160113, 10, 1, 5, 15, 2, 8, 17, 18
1728722919, Ellie, King, Danforth C, King, 116786, 11, 1, 4, 7, 11, 15, 3, 19
1728826766, Jack, Gonzalez, Sinclair E, Gonzalez, 198704, 12, 1, 15, 11, 2, 19, 18, 9
1728183109, Ava, Perez, Ellsworth M, Perez, 174042, 7, 13, 11, 1, 12, 7, 18, 6
1728409611, Liam, Scott, Ellsworth M, Scott, 117842, 8, 1, 13, 19, 20, 14, 17, 2
1728280778, Riley, Allen, Winslow D, Allen, 153020, 9, 2, 4, 19, 10, 5, 18, 7
1728083270, Mateo, Smith, Greystone W, Smith, 145558, 10, 14, 17, 7, 2, 10, 5, 3
1728962413, William, Walker, Danforth C, Walker, 166215, 11, 7, 17, 16, 15, 4, 3, 13
1728875745, Layla, Green, Sinclair A, Green, 103715, 12, 14, 16, 5, 9, 20, 17, 7
1728787118, Gianna, Perez, Ellsworth M, Perez, 162729, 7, 8, 15, 17, 10, 16, 19, 9
1728582807, Carter, Hill, Whitmore J, Hill, 134718, 8, 1, 12, 10, 3, 5, 20, 13
1728748007, Ava, Miller, Kingsley A, Miller, 156756, 9, 5, 10, 9, 17, 7, 3, 11
1728650063, Zoey, Walker, Radcliffe C, Walker, 149659, 10, 6, 14, 8, 11, 20, 7, 1
1729156051, Lily, Clark, Northcott E, Clark, 163036, 11, 15, 12, 7, 2, 5, 14, 1
1728647451, Grace, Harris, Westcott Z, Harris, 104829, 12, 9, 3, 16, 15, 19, 18, 6
1728321414, Ethan, Sanchez, Kingsley H, Sanchez, 169438, 7, 11, 15, 36, 33, 24, 39, 5
1728329730, Aria, Hall, Sinclair E, Hall, 196588, 8, 32, 36, 34, 1, 33, 27, 9
1728183525, Mateo, Garcia, Ormsby A, Garcia, 123879, 9, 27, 16, 41, 10, 38, 28, 37
1729059407, Scarlett, Brown, Kingsley H, Brown, 190019, 10, 37, 8, 26, 13, 9, 25, 21
1728313648, Amelia, Lopez, Cavendish C, Lopez, 133029, 11, 23, 22, 40, 14, 33, 8, 18
1728657880, Olivia, Jackson, Kensington S, Jackson, 177943, 12, 27, 18, 16, 40, 33, 37, 28
1728885701, Samuel, White, Ellsworth M, White, 106811, 7, 24, 40, 8, 33, 39, 19, 1
1728786264, Lucas, Harris, Whitmore M, Harris, 173258, 8, 29, 6, 32, 21, 35, 28, 40
1728507379, Scarlett, Jones, Marlowe N, Jones, 115734, 9, 3, 6, 5, 34, 33, 36, 15
1728900068, Oliver, Thompson, Northcott A, Thompson, 112040, 10, 26, 28, 38, 15, 40, 35, 19
1728445025, Jackson, King, Sinclair E, King, 189910, 11, 37, 14, 1, 18, 4, 28, 36
1728926407, Grace, Carter, Caldwell O, Carter, 161692, 12, 30, 20, 22, 7, 6, 31, 21
1728685143, Mila, Nguyen, Sinclair A, Nguyen, 122174, 7, 30, 33, 35, 3, 36, 40, 29
1728343573, Mason, Rivera, Danforth C, Rivera, 198854, 8, 22, 12, 11, 29, 27, 21, 39
1728866209, Ella, Harris, Wainwright C, Harris, 141523, 9, 32, 34, 41, 17, 38, 16, 35
1728444922, Mila, Brown, Ormsby A, Brown, 107113, 10, 22, 32, 28, 33, 10, 14, 23
1729170784, Liam, Allen, Montgomery Z, Allen, 131782, 11, 29, 33, 27, 11, 16, 28, 39
1728552198, Isabella, Lee, Huxley L, Lee, 192164, 12, 4, 32, 20, 28, 40, 12, 21
1728815982, Owen, Scott, Yardley E, Scott, 126790, 7, 25, 34, 39, 10, 40, 4, 3
1728823976, Sebastian, Baker, Sinclair A, Baker, 197568, 8, 6, 28, 7, 41, 8, 5, 15
1728177780, Emma, Scott, Ormsby A, Scott, 129002, 9, 5, 26, 16, 22, 37, 30, 29
1728626427, Luna, Rivera, Kingsley L, Rivera, 184658, 10, 29, 10, 14, 3, 11, 32, 31
1728278498, Alexander, Baker, Vance M, Baker, 193183, 11, 26, 33, 41, 21, 37, 35, 29
1728432953, Jackson, Campbell, Huxley R, Campbell, 110333, 12, 22, 40, 9, 28, 36, 6, 38
1728810054, Amelia, Anderson, Caldwell J, Anderson, 154321, 7, 8, 36, 18, 27, 13, 32, 22
1728178184, William, Allen, Yardley N, Allen, 100525, 8, 33, 9, 34, 38, 37, 17, 24
1729158307, Lucas, Perez, Huxley R, Perez, 166405, 9, 28, 32, 33, 41, 11, 2, 38
1728124978, Mateo, Roberts, Balfour H, Roberts, 145041, 10, 10, 36, 27, 24, 30, 8, 5
1729208321, Aiden, Gonzalez, Langley N, Gonzalez, 136241, 11, 4, 13, 41, 12, 2, 30, 39
1728831327, Liam, Perez, Westcott Z, Perez, 195364, 12, 31, 20, 39, 14, 3, 23, 36
1728225538, Riley, Anderson, Ellsworth A, Anderson, 103433, 7, 24, 31, 4, 35, 32, 34, 41
1728634780, Emma, Johnson, Northcott A, Johnson, 169866, 8, 17, 3, 13, 32, 10, 34, 39
1728231577, Levi, Hill, Radcliffe C, Hill, 132067, 9, 40, 19, 3, 9, 20, 41, 8
1729144975, Emma, Mitchell, Kensington S, Mitchell, 105496, 10, 19, 15, 25, 24, 13, 30, 12
1728898710, Elijah, Hall, Sinclair A, Hall, 191875, 11, 3, 25, 19, 21, 11, 33, 37
1729148035, Riley, Young, Huxley L, Young, 124506, 12, 32, 39, 18, 41, 20, 27, 33
1728506264, Mia, Sanchez, Marlowe N, Sanchez, 190144, 7, 30, 38, 29, 18, 36, 11, 26
1728678806, Layla, Jackson, Danforth C, Jackson, 105208, 8, 31, 18, 6, 29, 15, 14, 11
1728696699, Ella, Smith, Thorne O, Smith, 189827, 9, 19, 21, 31, 15, 23, 17, 40
1728640321, Scarlett, Williams, Whitmore J, Williams, 190118, 10, 41, 9, 14, 11, 25, 30, 15
1728325685, Grace, Martin, Balfour H, Martin, 101946, 11, 6, 12, 35, 13, 16, 22, 40
1729017831, Joseph, Miller, Cavendish C, Miller, 112995, 12, 20, 31, 35, 28, 19, 17, 41
1728639720, Mateo, Flores, Whitmore J, Flores, 167543, 7, 22, 25, 3, 28, 24, 32, 21
1728862717, Luna, Thompson, Kingsley J, Thompson, 138685, 8, 41, 30, 14, 35, 40, 19, 8
1728195337, Samuel, Thomas, Langley N, Thomas, 183143, 9, 7, 17, 40, 19, 29, 36, 2
1729246793, Camila, Walker, Whitmore J, Walker, 161735, 10, 7, 15, 5, 33, 29, 21, 32
1728372521, Aiden, Hill, Marlowe N, Hill, 116319, 11, 9, 27, 16, 12, 35, 17, 20
1728940075, William, Robinson, Northcott E, Robinson, 193942, 12, 9, 30, 6, 29, 4, 10, 13
1728952955, Charlotte, Harris, Vance M, Harris, 107473, 7, 16, 39, 9, 31, 19, 32, 22
1728420256, Ethan, Flores, Kingsley A, Flores, 168009, 8, 12, 14, 41, 26, 19, 17, 40
1728447699, Joseph, Baker, Montgomery Z, Baker, 155984, 9, 28, 35, 6, 11, 38, 23, 34
1728795309, Alexander, Hall, Winslow D, Hall, 147284, 10, 5, 40, 16, 18, 20, 30, 12
1728400822, Gianna, Martin, Langley N, Martin, 141380, 11, 1, 37, 36, 39, 26, 11, 3
1729063329, Aria, Torres, Carrington G, Torres, 110098, 12, 7, 35, 34, 41, 36, 24, 15
1729270723, Levi, Scott, Cavendish C, Scott, 149694, 7, 9, 7, 34, 14, 2, 11, 12
1729115478, Henry, Smith, Balfour E, Smith, 125880, 8, 11, 13, 35, 14, 27, 33, 26
1729033157, Logan, Ramirez, Huxley R, Ramirez, 137390, 9, 31, 4, 13, 27, 32, 35, 18
1729252574, Harper, Carter, Ellsworth M, Carter, 151523, 10, 4, 32, 7, 38, 20, 10, 35
1728690975, Mason, Garcia, Northcott E, Garcia, 166280, 11, 33, 34, 21, 6, 24, 30, 37
1729154334, Ava, Wright, Ellsworth G, Wright, 152369, 12, 5, 14, 27, 12, 30, 36, 31
1728575637, James, Rivera, Huxley R, Rivera, 167154, 7, 35, 25, 36, 23, 24, 14, 40
1728728252, Charlotte, Martin, Kingsley A, Martin, 139986, 8, 31, 30, 14, 3, 26, 28, 23
1729251661, Zoey, Martinez, Yardley E, Martinez, 149226, 9, 28, 34, 24, 21, 15, 36, 11
1728667630, Evelyn, Smith, Balfour H, Smith, 152774, 10, 40, 39, 8, 32, 26, 38, 20
1728791682, Amelia, Lewis, Northcott A, Lewis, 114765, 11, 7, 2, 29, 9, 23, 41, 13
1728303235, Benjamin, Ramirez, Pendleton R, Ramirez, 122300, 12, 28, 7, 23, 31, 22, 21, 2
1728374693, Olivia, Anderson, Caldwell O, Anderson, 180627, 7, 20, 40, 25, 12, 1, 8, 24
1728533825, Emma, Smith, Ormsby A, Smith, 109911, 8, 13, 40, 24, 37, 18, 29, 21
1729103840, Emma, Green, Winslow D, Green, 197613, 9, 28, 40, 24, 41, 12, 11, 7
1728899222, James, Thomas, Northcott A, Thomas, 117255, 10, 18, 14, 20, 11, 34, 33, 28
1728543852, Aiden, Miller, Montgomery Z, Miller, 110437, 11, 34, 11, 1, 16, 39, 37, 26
1729105586, Ethan, Gonzalez, Ellsworth G, Gonzalez, 191360, 12, 39, 30, 28, 23, 22, 37, 17
1729113556, Emma, Lopez, Ormsby A, Lopez, 140022, 7, 8, 3, 31, 36, 27, 7, 29
1728744281, Noah, Perez, Yardley N, Perez, 176370, 8, 16, 28, 21, 38, 17, 32, 22
1729218700, Owen, Anderson, Greystone W, Anderson, 167631, 9, 34, 1, 39, 22, 4, 14, 6
1728127785, Camila, Roberts, Wainwright C, Roberts, 111094, 10, 28, 29, 1, 37, 19, 36, 21
1729116959, Carter, Wright, Montgomery Z, Wright, 191100, 11, 31, 27, 32, 34, 36, 4, 7
1728732477, Camila, Harris, Ellsworth M, Harris, 110427, 12, 5, 8, 22, 4, 29, 41, 3
1729154575, Mason, Davis, Kingsley A, Davis, 151920, 7, 8, 1, 35, 32, 21, 20, 7
1728446076, Ethan, Mitchell, Balfour H, Mitchell, 190450, 8, 8, 23, 40, 36, 2, 17, 4
1728546310, Zoey, Scott, Montgomery Z, Scott, 149669, 9, 17, 24, 27, 6, 35, 36, 9
1728741158, Mila, Thompson, Ellsworth M, Thompson, 152674, 10, 16, 29, 17, 28, 4, 12, 11
1728838885, Wyatt, Martin, Ormsby A, Martin, 124870, 11, 20, 27, 33, 1, 36, 22, 18
1728884691, Samuel, Carter, Balfour H, Carter, 165984, 12, 17, 22, 37, 40, 9, 13, 15
1729153902, James, Walker, Balfour E, Walker, 100011, 7, 23, 8, 35, 32, 20, 9, 6
1728715175, William, Smith, Montgomery Z, Smith, 143237, 8, 13, 4, 37, 17, 3, 7, 29
1728741570, Noah, Taylor, Radcliffe C, Taylor, 188796, 9, 32, 26, 19, 5, 11, 20, 7
1728391532, Ella, Hill, Kingsley H, Hill, 103584, 10, 34, 19, 33, 31, 32, 12, 9
1728142927, Mila, Brown, Montgomery Z, Brown, 164130, 11, 25, 14, 5, 15, 24, 20, 6
1729261952, William, Adams, Kingsley H, Adams, 187063, 12, 36, 26, 13, 20, 19, 23, 38
1728237089, Jack, Lopez, Thorne O, Lopez, 184917, 7, 13, 38, 34, 23, 28, 18, 11
1728342219, Ellie, Rivera, Devereaux M, Rivera, 129384, 8, 31, 37, 1, 22, 11, 25, 3
1728207563, Jack, King, Westcott Z, King, 162780, 9, 30, 23, 36, 24, 31, 29, 10
1728283008, Charlotte, Harris, Danforth C, Harris, 163974, 10, 35, 21, 20, 10, 11, 7, 28
1728862060, Mason, Gonzalez, Huxley L, Gonzalez, 181944, 11, 33, 40, 17, 24, 28, 9, 39
1729134899, Isabella, Green, Kingsley H, Green, 145766, 12, 20, 25, 12, 34, 4, 26, 28
1728681283, Riley, Perez, Kingsley J, Perez, 135546, 7, 29, 28, 10, 6, 21, 33, 26
1729001543, William, Sanchez, Greystone W, Sanchez, 128781, 8, 18, 33, 12, 23, 3, 7, 21
1728442864, Layla, Rodriguez, Westcott Z, Rodriguez, 157881, 9, 35, 11, 32, 18, 2, 3, 28
1728334389, Lily, Lewis, Montgomery Z, Lewis, 185897, 10, 16, 34, 29, 32, 35, 4, 9
1729012468, Levi, White, Northcott A, White, 135129, 11, 26, 14, 17, 8, 18, 6, 25
1728109754, Ethan, Adams, Devereaux M, Adams, 108380, 12, 3, 21, 31, 2, 15, 20, 38
1728288304, Scarlett, Scott, Vance M, Scott, 135147, 7, 15, 29, 11, 41, 37, 13, 4
1728256077, Owen, Rodriguez, Kingsley H, Rodriguez, 182084, 8, 3, 13, 40, 29, 24, 9, 16
1729026831, Samuel, Nguyen, Kensington S, Nguyen, 142080, 9, 10, 4, 34, 2, 32, 8, 17
1729256394, Sophia, Hernandez, Cavendish C, Hernandez, 140293, 10, 21, 22, 36, 19, 17, 39, 29
1728984043, Mason, Williams, Pendleton R, Williams, 168900, 11, 23, 25, 22, 9, 36, 7, 12
1729259898, Jack, Jackson, Caldwell J, Jackson, 126062, 12, 9, 27, 8, 1, 20, 3, 33
1729201042, Jackson, Martin, Marlowe N, Martin, 196323, 7, 12, 8, 3, 40, 38, 28, 22
1728534716, Mila, Jackson, Kingsley H, Jackson, 179870, 8, 39, 3, 24, 14, 9, 35, 31
1729100031, Nora, Garcia, Ellsworth A, Garcia, 147416, 9, 11, 28, 9, 33, 25, 35, 2
1728072776, Ellie, Carter, Northcott E, Carter, 135525, 10, 7, 3, 9, 8, 38, 16, 20
1729229321, James, King, Kingsley H, King, 193358, 11, 28, 26, 5, 11, 41, 24, 25
1728693962, Riley, Ramirez, Marlowe N, Ramirez, 177679, 12, 25, 18, 38, 28, 29, 17, 14
1728385993, Grace, Robinson, Caldwell J, Robinson, 174879, 7, 14, 10, 36, 11, 24, 34, 13
1728257994, Sophia, Gonzalez, Wainwright C, Gonzalez, 171710, 8, 29, 39, 2, 25, 1, 9, 6
1728983435, Riley, Young, Marlowe N, Young, 191197, 9, 37, 27, 10, 1, 18, 39, 12
1728414837, Ethan, Williams, Ellsworth G, Williams, 141802, 10, 6, 18, 8, 36, 33, 21, 1
1728369570, Oliver, Perez, Ellsworth A, Perez, 137015, 11, 30, 3, 21, 4, 28, 10, 31
1728064710, Benjamin, Young, Carrington G, Young, 158992, 12, 7, 32, 35, 31, 24, 25, 6
1728240346, Ella, Baker, Fairfax E, Baker, 104119, 7, 31, 1, 38, 25, 18, 7, 40
1729187275, Samuel, Taylor, Huxley L, Taylor, 184213, 8, 3, 22, 2, 29, 16, 4, 31
1728261302, Evelyn, Scott, Kingsley H, Scott, 153183, 9, 30, 4, 27, 40, 13, 1, 39
1728095993, Isabella, Allen, Fairfax E, Allen, 178910, 10, 18, 20, 2, 13, 8, 6, 25
1729175429, Scarlett, Baker, Cavendish C, Baker, 179997, 11, 21, 27, 10, 8, 1, 31, 37
1729160162, Lily, Carter, Marlowe S, Carter, 117717, 12, 40, 37, 17, 13, 26, 23, 8
1728599798, James, Wright, Carrington G, Wright, 157538, 7, 27, 1, 34, 10, 35, 21, 25
1728993983, Liam, Nelson, Kingsley L, Nelson, 156415, 8, 17, 36, 26, 5, 25, 8, 2
1728663830, Carter, Flores, Huxley L, Flores, 129211, 9, 37, 12, 35, 19, 13, 6, 33
1728515303, Liam, Harris, Ellsworth A, Harris, 101958, 10, 5, 32, 21, 31, 1, 9, 8
1729095602, Sebastian, Wright, Marlowe N, Wright, 153895, 11, 2, 22, 34, 39, 28, 38, 29
1728263667, Sophia, Miller, Northcott E, Miller, 132564, 12, 2, 4, 16, 5, 23, 6, 34
1728879037, Aria, Hill, Caldwell O, Hill, 128480, 7, 8, 33, 25, 6, 11, 30, 40
1728526504, Harper, Williams, Devereaux M, Williams, 196449, 8, 39, 35, 7, 22, 38, 10, 14
1729086931, Harper, Lewis, Ellsworth A, Lewis, 191808, 9, 1, 18, 21, 7, 4, 41, 12
1728306957, Ava, King, Montgomery Z, King, 151027, 10, 37, 8, 24, 35, 19, 14, 28
1729008003, Olivia, Lewis, Sinclair E, Lewis, 150633, 11, 24, 25, 6, 37, 38, 10, 5
1728461864, Joseph, Green, Carrington G, Green, 102767, 12, 30, 15, 11, 16, 20, 3, 41
1728130865, Olivia, Clark, Pendleton R, Clark, 141714, 7, 32, 2, 23, 19, 39, 1, 29
1728412231, Harper, Adams, Devereaux M, Adams, 120838, 8, 10, 8, 14, 11, 41, 34, 29
1728208171, Oliver, Allen, Kingsley L, Allen, 191246, 9, 23, 8, 31, 15, 7, 25, 22
1729000633, Daniel, Moore, Whitmore J, Moore, 151648, 10, 18, 41, 31, 40, 39, 21, 22
1728561541, Henry, Garcia, Devereaux M, Garcia, 120516, 11, 14, 8, 4, 15, 40, 33, 27
1728451015, Harper, Campbell, Devereaux M, Campbell, 164257, 12, 7, 24, 41, 10, 34, 22, 23
1729162569, Ella, Scott, Kingsley A, Scott, 130468, 7, 35, 33, 41, 8, 13, 26, 21
1728969449, Logan, Williams, Pendleton R, Williams, 139384, 8, 35, 20, 16, 24, 21, 26, 12
1729002382, Isabella, Lopez, Radcliffe C, Lopez, 164786, 9, 31, 18, 8, 14, 21, 16, 29
1728605591, Daniel, Lee, Carrington G, Lee, 151923, 10, 13, 17, 7, 25, 23, 33, 8
1728216473, Levi, Lopez, Huxley L, Lopez, 108009, 11, 1, 22, 25, 36, 39, 32, 11
1729222889, Gianna, Gonzalez, Kingsley L, Gonzalez, 195548, 12, 22, 40, 20, 5, 2, 7, 10
1728502856, Jackson, Smith, Winslow D, Smith, 126371, 7, 1, 22, 15, 19, 10, 34, 12
1728567855, Noah, Jones, Marlowe S, Jones, 107555, 8, 16, 36, 9, 10, 8, 32, 11
1728486601, Liam, Lee, Ellsworth G, Lee, 182349, 9, 28, 8, 18, 17, 20, 19, 41
1728982393, Liam, Harris, Huxley L, Harris, 104660, 10, 4, 41, 15, 40, 7, 14, 5
1728214924, Layla, Green, Carrington G, Green, 121375, 11, 24, 34, 31, 33, 14, 7, 4
1728717372, Samuel, Perez, Ellsworth M, Perez, 157596, 12, 10, 30, 22, 8, 13, 7, 20
1728181242, Elijah, Gonzalez, Northcott E, Gonzalez, 185365, 7, 33, 17, 23, 2, 27, 24, 32
1728304347, Carter, Rodriguez, Ellsworth A, Rodriguez, 149536, 8, 20, 32, 6, 9, 18, 8, 10
1729166100, Layla, Adams, Ellsworth M, Adams, 167138, 9, 9, 17, 33, 40, 11, 6, 27
1728502988, Mia, Rivera, Fairfax E, Rivera, 198183, 10, 7, 39, 15, 32, 22, 33, 34
1728449807, Grace, Nelson, Vance M, Nelson, 185512, 11, 4, 41, 10, 38, 40, 37, 28
1728893682, Owen, Nguyen, Marlowe S, Nguyen, 198001, 12, 26, 31, 35, 7, 22, 39, 34
1729169409, Liam, Flores, Yardley E, Flores, 133803, 7, 11, 21, 16, 1, 8, 19, 10
1728698983, Gianna, Carter, Balfour H, Carter, 162633, 8, 22, 19, 39, 10, 41, 28, 35
1728935003, Camila, Rivera, Wainwright C, Rivera, 185461, 9, 14, 12, 34, 6, 30, 31, 28
1729176645, Carter, Young, Thorne O, Young, 130426, 10, 6, 41, 34, 9, 12, 29, 37
1728741521, Olivia, Anderson, Kensington S, Anderson, 126682, 11, 9, 11, 40, 39, 35, 14, 18
1729124606, Aria, Torres, Kensington S, Torres, 102861, 12, 9, 7, 12, 18, 15, 2, 1
1728327077, Zoey, Campbell, Ellsworth M, Campbell, 190844, 7, 14, 26, 11, 7, 36, 32, 24
1729047351, Elijah, Baker, Marlowe S, Baker, 105163, 8, 6, 22, 2, 25, 33, 1, 10
1728516777, Amelia, Smith, Marlowe S, Smith, 161810, 9, 36, 18, 8, 32, 24, 14, 41
1728270476, Mason, Thompson, Cavendish C, Thompson, 121116, 10, 39, 7, 37, 32, 17, 31, 30
1728835889, Wyatt, Flores, Whitmore M, Flores, 141825, 11, 13, 10, 16, 2, 28, 18, 21
1729213987, Carter, Jackson, Montgomery Z, Jackson, 177564, 12, 22, 26, 27, 41, 33, 38, 12
1729230891, Evelyn, Harris, Vance M, Harris, 132944, 7, 4, 39, 7, 25, 19, 20, 40
1728903519, Ella, Adams, Winslow D, Adams, 163432, 8, 31, 15, 13, 28, 30, 16, 2
1728986714, Owen, Lee, Whitmore M, Lee, 136155, 9, 13, 5, 1, 9, 24, 21, 14
1729037620, Evelyn, Lewis, Yardley N, Lewis, 160936, 10, 31, 11, 6, 34, 36, 35, 33
1728843072, Jack, Sanchez, Caldwell J, Sanchez, 144354, 11, 9, 18, 6, 31, 23, 39, 32
1728072363, Elijah, Rivera, Ellsworth G, Rivera, 123811, 12, 4, 1, 34, 19, 7, 29, 2
1728310221, Charlotte, Nguyen, Kingsley J, Nguyen, 198326, 7, 30, 36, 17, 25, 7, 38, 41
1729074689, Samuel, Brown, Fairfax E, Brown, 159254, 8, 38, 18, 40, 31, 35, 23, 39
1728409031, Layla, King, Whitmore J, King, 146841, 9, 1, 36, 13, 17, 19, 28, 7
1729252172, James, Martin, Kingsley J, Martin, 104038, 10, 29, 25, 37, 13, 36, 32, 16
1729009063, Logan, Allen, Sinclair A, Allen, 148308, 11, 18, 6, 20, 30, 9, 36, 21
1728665479, Joseph, Clark, Winslow D, Clark, 144610, 12, 24, 19, 17, 11, 21, 2, 23
1728532770, Charlotte, Perez, Kingsley A, Perez, 130861, 7, 37, 17, 3, 14, 22, 23, 32
1729227946, Samuel, Clark, Pendleton R, Clark, 142471, 8, 16, 8, 34, 5, 6, 2, 35
1728418861, Ella, King, Yardley E, King, 170284, 9, 40, 31, 22, 12, 21, 30, 25
1729259664, Joseph, Hernandez, Balfour E, Hernandez, 158970, 10, 35, 13, 15, 14, 7, 40, 30
1728080092, Ella, Rodriguez, Kingsley A, Rodriguez, 106307, 11, 17, 5, 19, 36, 6, 34, 38
1728195616, Elijah, Clark, Greystone W, Clark, 127567, 12, 26, 7, 37, 24, 33, 32, 40
1729228701, Ava, Jones, Ellsworth M, Jones, 181051, 7, 41, 29, 34, 21, 40, 22, 31
1728395646, Gianna, Rivera, Caldwell J, Rivera, 180466, 8, 4, 23, 24, 6, 13, 29, 2
1728322339, Charlotte, Wilson, Whitmore J, Wilson, 145726, 9, 4, 9, 20, 11, 29, 32, 18
1728699532, Elijah, Williams, Westcott Z, Williams, 154254, 10, 1, 29, 26, 15, 40, 18, 9
1728233945, Levi, Rodriguez, Sinclair A, Rodriguez, 107121, 11, 1, 33, 34, 10, 16, 25, 23
1728418340, Nora, Ramirez, Ellsworth G, Ramirez, 134636, 12, 15, 33, 10, 35, 13, 26, 8
1728257038, Elijah, Johnson, Danforth C, Johnson, 110536, 7, 21, 13, 2, 17, 23, 4, 1
1729223012, Mason, Lee, Vance M, Lee, 130193, 8, 15, 27, 23, 18, 5, 36, 28
1728469049, Samuel, Miller, Radcliffe C, Miller, 197385, 9, 23, 6, 32, 22, 37, 41, 5
1728105171, Charlotte, Taylor, Balfour E, Taylor, 136200, 10, 8, 28, 26, 35, 37, 6, 17
1728508197, Layla, Torres, Wainwright C, Torres, 113318, 11, 32, 4, 34, 19, 13, 28, 30
1728484801, Noah, Hernandez, Westcott Z, Hernandez, 141510, 12, 23, 9, 32, 4, 33, 19, 29
1728441871, Benjamin, Garcia, Kensington S, Garcia, 170802, 7, 39, 9, 19, 25, 33, 11, 28
1728673646, Grace, Brown, Sinclair E, Brown, 189223, 8, 40, 14, 11, 1, 36, 24, 25
1728482876, Olivia, Hall, Northcott A, Hall, 123727, 9, 24, 41, 36, 22, 37, 30, 34
1729106888, Riley, Smith, Northcott E, Smith, 149521, 10, 15, 8, 12, 19, 35, 36, 9
1728627336, Elijah, Adams, Huxley R, Adams, 178853, 11, 25, 1, 6, 40, 38, 9, 24
1728828303, Grace, Campbell, Radcliffe C, Campbell, 150221, 12, 37, 33, 38, 35, 23, 31, 5
1728869495, Aria, Wright, Kingsley H, Wright, 113734, 7, 11, 13, 38, 26, 28, 2, 9
1728707855, Logan, Jones, Ellsworth G, Jones, 134569, 8, 37, 3, 38, 4, 15, 18, 29
1729111912, Ava, White, Carrington G, White, 104837, 9, 19, 24, 7, 20, 4, 28, 14
1728731652, Grace, Lee, Marlowe S, Lee, 161489, 10, 17, 37, 33, 7, 31, 26, 39
1728467137, Mateo, Smith, Marlowe S, Smith, 101733, 11, 3, 8, 35, 30, 2, 39, 9
1728925126, Logan, Thompson, Ellsworth G, Thompson, 139601, 12, 15, 29, 5, 24, 22, 28, 31
1728092968, Alexander, Thompson, Cavendish C, Thompson, 133992, 7, 33, 30, 2, 26, 20, 11, 29
1729233466, Layla, Green, Balfour E, Green, 174614, 8, 11, 7, 5, 33, 17, 16, 13
1728760711, Grace, Clark, Ellsworth G, Clark, 144116, 9, 32, 39, 16, 15, 28, 13, 23
1729031515, Levi, Jackson, Kingsley H, Jackson, 145620, 10, 23, 31, 5, 40, 6, 25, 39
1728319191, Elijah, Davis, Kingsley L, Davis, 133989, 11, 4, 20, 39, 1, 11, 25, 6
1728411469, Layla, Williams, Caldwell O, Williams, 165263, 12, 23, 36, 38, 37, 21, 25, 27
1728309400, Daniel, Garcia, Winslow D, Garcia, 115667, 7, 31, 40, 36, 9, 10, 13, 26
1729047362, Nora, Torres, Huxley L, Torres, 191709, 8, 15, 34, 2, 8, 18, 33, 29
1728765308, Noah, Roberts, Ormsby A, Roberts, 174743, 9, 7, 30, 32, 40, 13, 21, 2
1729206574, Camila, Taylor, Northcott A, Taylor, 145951, 10, 12, 36, 7, 34, 21, 18, 17
1729218880, Gianna, Mitchell, Winslow D, Mitchell, 185460, 11, 19, 31, 16, 7, 11, 28, 8
1728980489, Mila, Smith, Northcott E, Smith, 136775, 12, 7, 10, 9, 17, 36, 6, 25
1728756567, Evelyn, Davis, Winslow D, Davis, 197824, 7, 40, 22, 32, 5, 31, 20, 23
1728167037, William, Mitchell, Cavendish C, Mitchell, 171064, 8, 12, 30, 5, 26, 2, 17, 36
1728707840, Ava, Sanchez, Sinclair E, Sanchez, 114624, 9, 39, 18, 15, 35, 22, 41, 19
1728283769, Nora, Young, Northcott E, Young, 170202, 10, 29, 5, 12, 36, 41, 19, 15
1728508816, Riley, Sanchez, Caldwell J, Sanchez, 197010, 11, 41, 4, 37, 26, 28, 25, 21
1728700966, Benjamin, Lee, Balfour E, Lee, 153215, 12, 6, 16, 39, 2, 10, 21, 5
1728269730, Carter, Ramirez, Ellsworth G, Ramirez, 133228, 7, 39, 21, 26, 7, 41, 18, 8
1728273602, Mason, Garcia, Kensington S, Garcia, 195119, 8, 11, 28, 23, 40, 29, 5, 25
1728622355, Jack, Green, Sinclair E, Green, 180055, 9, 20, 24, 3, 28, 17, 11, 39
1729118690, Alexander, Taylor, Vance M, Taylor, 135110, 10, 27, 2, 6, 33, 31, 16, 13
1729070382, James, Allen, Kensington S, Allen, 184070, 11, 35, 20, 17, 27, 38, 1, 6
1728253303, Lucas, Garcia, Cavendish C, Garcia, 161726, 12, 32, 24, 21, 31, 12, 33, 7
1728513222, Riley, Lewis, Devereaux M, Lewis, 101032, 7, 8, 19, 15, 18, 1, 32, 23
1728979249, Riley, Baker, Danforth C, Baker, 175687, 8, 32, 20, 38, 5, 12, 7, 1
1729194754, Gianna, Robinson, Ormsby A, Robinson, 120486, 9, 37, 29, 23, 5, 36, 27, 7
1729196620, Alexander, Torres, Vance M, Torres, 168790, 10, 17, 27, 26, 28, 8, 13, 25
1728687844, Gianna, Lewis, Thorne O, Lewis, 157622, 11, 5, 28, 19, 11, 7, 14, 27
1728086943, Amelia, Garcia, Ellsworth G, Garcia, 165662, 12, 10, 28, 7, 25, 15, 20, 3
1728668625, Luna, Anderson, Montgomery Z, Anderson, 134328, 7, 2, 14, 33, 1, 17, 16, 30
1729182570, Chloe, Campbell, Balfour E, Campbell, 153607, 8, 8, 9, 30, 20, 3, 6, 40
1728085817, Charlotte, Mitchell, Ellsworth A, Mitchell, 149159, 9, 28, 14, 33, 37, 23, 16, 41
1728246069, Amelia, Rivera, Ellsworth G, Rivera, 138590, 10, 34, 18, 28, 14, 19, 1, 27
1728774360, Gianna, Clark, Ellsworth G, Clark, 186338, 11, 27, 10, 15, 18, 41, 21, 11
1728986225, Elijah, Green, Langley N, Green, 182546, 12, 3, 1, 12, 2, 28, 35, 22
1729266647, James, Harris, Huxley L, Harris, 101840, 7, 19, 3, 38, 17, 31, 20, 9
1729091919, Mila, Taylor, Ellsworth M, Taylor, 154379, 8, 14, 36, 31, 33, 24, 15, 35
1728277507, Ava, Wright, Huxley R, Wright, 172123, 9, 2, 11, 5, 37, 30, 29, 38
1728685509, Samuel, Smith, Pendleton R, Smith, 180000, 10, 29, 23, 5, 19, 14, 30, 17
1728345196, Henry, Garcia, Thorne O, Garcia, 130808, 11, 25, 24, 31, 12, 36, 2, 41
1729199060, Sebastian, Thomas, Kensington S, Thomas, 188882, 12, 36, 39, 24, 8, 11, 26, 22
1729117347, Samuel, Harris, Sinclair E, Harris, 161086, 7, 12, 31, 9, 36, 28, 14, 8
1729188554, Amelia, Torres, Thorne O, Torres, 181726, 8, 28, 8, 29, 26, 33, 7, 16
1728196187, Mila, Young, Greystone W, Young, 139485, 9, 35, 9, 36, 10, 7, 17, 40
1728882721, Camila, Hall, Balfour H, Hall, 172403, 10, 5, 14, 13, 21, 2, 12, 11
1728245512, Logan, Roberts, Huxley L, Roberts, 189910, 11, 31, 40, 37, 2, 21, 22, 10
1728736035, Grace, Rodriguez, Carrington G, Rodriguez, 129233, 12, 37, 28, 12, 27, 5, 2, 36
1728185777, Gianna, Lewis, Ellsworth A, Lewis, 112576, 7, 2, 6, 30, 18, 28, 37, 16
1728414163, Charlotte, Williams, Pendleton R, Williams, 130634, 8, 6, 30, 11, 3, 39, 19, 36
1729146506, Liam, Torres, Kensington S, Torres, 104213, 9, 19, 8, 34, 37, 3, 1, 17
1728868972, Joseph, Moore, Yardley N, Moore, 151239, 10, 34, 5, 39, 17, 18, 14, 12
1729157948, Levi, Jackson, Ellsworth G, Jackson, 110912, 11, 12, 21, 29, 32, 9, 37, 10
1728233427, Sophia, Flores, Whitmore J, Flores, 156890, 12, 16, 11, 34, 25, 41, 28, 27
1729232939, Scarlett, Hill, Whitmore M, Hill, 186976, 7, 7, 18, 35, 27, 3, 33, 12
1728988542, Charlotte, Thompson, Ellsworth G, Thompson, 158379, 8, 11, 22, 39, 34, 13, 3, 28
1728286835, Mateo, Adams, Kingsley L, Adams, 103271, 9, 37, 17, 33, 8, 6, 12, 19
1728862528, Owen, Baker, Westcott Z, Baker, 119044, 10, 6, 7, 4, 10, 27, 3, 26
1728632456, Nora, Lewis, Huxley L, Lewis, 103056, 11, 41, 40, 20, 37, 11, 9, 14
1728626685, Camila, Roberts, Ellsworth G, Roberts, 173162, 12, 8, 5, 13, 28, 12, 23, 4
1728819090, Sophia, Garcia, Greystone W, Garcia, 118597, 7, 6, 29, 16, 12, 15, 26, 5
1728224445, Joseph, Allen, Sinclair E, Allen, 135301, 8, 12, 19, 37, 20, 25, 24, 15
1728294656, Isabella, Smith, Kingsley H, Smith, 184767, 9, 40, 3, 2, 31, 20, 14, 12
1728881602, Jackson, Campbell, Ormsby A, Campbell, 156930, 10, 16, 41, 20, 30, 39, 15, 29
1728554560, James, Robinson, Sinclair A, Robinson, 129239, 11, 39, 28, 14, 38, 30, 15, 31
1728894120, Zoey, Davis, Ormsby A, Davis, 151054, 12, 26, 12, 15, 30, 22, 28, 17
1729221343, Harper, Smith, Pendleton R, Smith, 110128, 7, 3, 37, 1, 23, 25, 38, 17
1728613170, Mila, Lee, Kingsley J, Lee, 128053, 8, 40, 21, 30, 35, 9, 37, 36
1728102540, Levi, Roberts, Devereaux M, Roberts, 134035, 9, 16, 33, 26, 21, 1, 40, 6
1728778583, Nora, Moore, Sinclair E, Moore, 149307, 10, 7, 40, 20, 32, 39, 12, 23
1728780631, Samuel, Lee, Caldwell J, Lee, 114696, 11, 15, 8, 19, 30, 21, 36, 4
1728133975, Samuel, Hill, Ellsworth M, Hill, 148402, 12, 17, 30, 26, 23, 5, 20, 21
1729166420, Ella, Nelson, Kingsley H, Nelson, 192300, 7, 17, 4, 27, 36, 39, 26, 2
1728120971, James, Miller, Caldwell O, Miller, 120959, 8, 4, 30, 23, 21, 20, 14, 26
1728449722, Mila, Jones, Kingsley J, Jones, 112453, 9, 23, 34, 11, 37, 39, 33, 21
1729002053, Gianna, Hill, Northcott A, Hill, 119645, 10, 5, 40, 9, 21, 38, 14, 33
1728824658, Amelia, Harris, Pendleton R, Harris, 124546, 11, 13, 15, 1, 21, 29, 25, 28
1729006252, Olivia, Johnson, Cavendish C, Johnson, 146896, 12, 7, 2, 19, 18, 11, 34, 27
1728100525, Aria, King, Kensington S, King, 141624, 7, 41, 4, 20, 7, 28, 23, 33
1728915523, Lily, Jones, Marlowe S, Jones, 100921, 8, 39, 11, 38, 10, 16, 25, 40
1728428455, Henry, Taylor, Marlowe S, Taylor, 195969, 9, 1, 14, 9, 22, 27, 2, 30
1728072304, Henry, Johnson, Ellsworth G, Johnson, 199103, 10, 37, 16, 34, 5, 6, 33, 17
1728379449, Nora, Jackson, Whitmore J, Jackson, 110582, 11, 22, 24, 3, 29, 32, 14, 4
1728118754, Ellie, Roberts, Northcott E, Roberts, 180682, 12, 6, 8, 12, 35, 11, 38, 19
